{"cameraMode":{"drawMode":0,"name":"Shaded","section":"Shading Mode"},"sceneLighting":false,"audioPlay":false,"sceneViewState":{"m_AlwaysRefresh":false,"showFog":true,"showSkybox":false,"showFlares":true,"showImageEffects":true,"showParticleSystems":true,"showVisualEffectGraphs":true,"m_FxEnabled":true},"in2DMode":false,"pivot":{"x":-0.038472503423690799,"y":1.0177726745605469,"z":-2.1367788314819338},"rotation":{"x":0.07838515937328339,"y":0.9214638471603394,"z":-0.2790127098560333,"w":0.2589278519153595},"size":0.5524815320968628,"orthographic":false}