{"cameraMode":{"drawMode":0,"name":"Shaded","section":"Shading Mode"},"sceneLighting":false,"audioPlay":false,"sceneViewState":{"m_AlwaysRefresh":false,"showFog":true,"showSkybox":false,"showFlares":true,"showImageEffects":true,"showParticleSystems":true,"showVisualEffectGraphs":true,"m_FxEnabled":true},"in2DMode":false,"pivot":{"x":-0.013706207275390625,"y":3.2117292881011965,"z":0.0009406208992004395},"rotation":{"x":-0.17157390713691712,"y":-0.7782371044158936,"z":0.24098648130893708,"w":-0.5539652705192566},"size":2.6323442459106447,"orthographic":false}