{"cameraMode":{"drawMode":0,"name":"Shaded","section":"Shading Mode"},"sceneLighting":false,"audioPlay":false,"sceneViewState":{"m_AlwaysRefresh":false,"showFog":true,"showSkybox":false,"showFlares":true,"showImageEffects":true,"showParticleSystems":true,"showVisualEffectGraphs":true,"m_FxEnabled":true},"in2DMode":false,"pivot":{"x":-0.0260009765625,"y":0.008500000461935997,"z":-0.01849975623190403},"rotation":{"x":0.05274977907538414,"y":0.7217823266983032,"z":-0.05532645434141159,"w":0.6879815459251404},"size":0.03302335366606712,"orthographic":false}