{"cameraMode":{"drawMode":0,"name":"Shaded","section":"Shading Mode"},"sceneLighting":true,"audioPlay":false,"sceneViewState":{"m_AlwaysRefresh":false,"showFog":true,"showSkybox":true,"showFlares":true,"showImageEffects":true,"showParticleSystems":true,"showVisualEffectGraphs":true,"m_FxEnabled":true},"in2DMode":false,"pivot":{"x":250.02615356445313,"y":2.0828118324279787,"z":251.37094116210938},"rotation":{"x":-0.06174086779356003,"y":-0.03083946369588375,"z":0.0019086066167801619,"w":-0.9976143836975098},"size":1.9385141134262086,"orthographic":false}