{"cameraMode":{"drawMode":0,"name":"Shaded","section":"Shading Mode"},"sceneLighting":true,"audioPlay":false,"sceneViewState":{"m_AlwaysRefresh":false,"showFog":true,"showSkybox":true,"showFlares":true,"showImageEffects":true,"showParticleSystems":true,"showVisualEffectGraphs":true,"m_FxEnabled":true},"in2DMode":false,"pivot":{"x":114.31381225585938,"y":-0.7311141490936279,"z":358.05780029296877},"rotation":{"x":0.1411479264497757,"y":-0.8370891809463501,"z":0.25476327538490298,"w":0.46324485540390017},"size":3.8378119468688967,"orthographic":false}