{"cameraMode":{"drawMode":0,"name":"Shaded","section":"Shading Mode"},"sceneLighting":true,"audioPlay":false,"sceneViewState":{"m_AlwaysRefresh":false,"showFog":true,"showSkybox":true,"showFlares":true,"showImageEffects":true,"showParticleSystems":true,"showVisualEffectGraphs":true,"m_FxEnabled":true},"in2DMode":false,"pivot":{"x":0.000924229621887207,"y":1.3450723886489869,"z":0.18481987714767457},"rotation":{"x":0.021204767748713495,"y":-0.7493126392364502,"z":0.023714160546660425,"w":0.6615719199180603},"size":1.9098538160324097,"orthographic":false}