{"cameraMode":{"drawMode":0,"name":"Shaded","section":"Shading Mode"},"sceneLighting":false,"audioPlay":false,"sceneViewState":{"m_AlwaysRefresh":false,"showFog":true,"showSkybox":false,"showFlares":true,"showImageEffects":true,"showParticleSystems":true,"showVisualEffectGraphs":true,"m_FxEnabled":true},"in2DMode":false,"pivot":{"x":0.036589622497558597,"y":1.1455987691879273,"z":-0.0268363356590271},"rotation":{"x":-0.17157390713691712,"y":-0.7782371044158936,"z":0.24098648130893708,"w":-0.5539652705192566},"size":0.8721445798873901,"orthographic":false}